Time,Displacement,Force
0,0,0.01271
0.1,0.00637,-0.13626
0.2,0.01623,0.0139
0.3,0.02502,0.08552
0.4,0.03359,-0.12339
0.5,0.042,0.04706
0.6,0.05025,0.04725
0.7,0.05829,-0.07283
0.8,0.06664,0.03274
0.9,0.07516,0.10801
1,0.08362,0.0792
1.1,0.09198,0.05251
1.2,0.10007,-0.11739
1.3,0.10827,-0.01435
1.4,0.11673,0.20619
1.5,0.12525,-0.03394
1.6,0.13366,-0.10484
1.7,0.14191,0.14938
1.8,0.15,-0.10273
1.9,0.15836,0.01961
2,0.16687,-0.10442
2.1,0.17529,-0.09149
2.2,0.18364,0.14892
2.3,0.19173,-0.11291
2.4,0.19993,0.02955
2.5,0.2085,0.00427
2.6,0.21691,0.01043
2.7,0.22527,-0.02748
2.8,0.23352,0.00903
2.9,0.24161,-0.00192
3,0.25002,-0.00376
3.1,0.25854,-0.0039
3.2,0.26695,-0.052
3.3,0.27525,0.01119
3.4,0.28339,-0.12202
3.5,0.29164,-0.09217
3.6,0.30016,0.03895
3.7,0.30862,-0.04056
3.8,0.31698,-0.02962
3.9,0.32518,0.03122
4,0.33327,-0.05289
4.1,0.34173,0.24398
4.2,0.3502,-0.06047
4.3,0.35861,0.10216
4.4,0.36691,0.11273
4.5,0.375,0.06586
4.6,0.38325,0.00082
4.7,0.39182,0.06353
4.8,0.40029,0.01437
4.9,0.40864,0.03719
5,0.41684,0.01395
5.1,0.42498,-0.10492
5.2,0.43339,0.01819
5.3,0.44191,-0.12533
5.4,0.45032,-0.14125
5.5,0.45857,0.09791
5.6,0.46661,0.03257
5.7,0.47496,-0.13079
5.8,0.48354,0.00803
5.9,0.49195,0.02456
6,0.5003,0.00614
6.1,0.5085,-0.05835
6.2,0.51664,-0.03573
6.3,0.52511,-0.06861
6.4,0.53357,-0.03498
6.5,0.54198,-0.04124
6.6,0.55029,0.04907
6.7,0.55832,0.15001
6.8,0.56668,-0.12962
6.9,0.5752,-0.05715
7,0.58361,0.01657
7.1,0.59196,0.12599
7.2,0.60005,0.17429
7.3,0.60825,0.23963
7.4,0.61677,0.37909
7.5,0.62523,0.59794
7.6,0.63364,0.64413
7.7,0.64189,1.04132
7.8,0.64993,1.04301
7.9,0.65834,1.23011
8,0.66691,1.50309
8.1,0.67532,1.66543
8.2,0.68362,1.79303
8.3,0.69171,2.14653
8.4,0.69991,2.38655
8.5,0.70848,2.55226
8.6,0.71695,2.59426
8.7,0.7253,2.81722
8.8,0.73355,3.32766
8.9,0.74159,3.4793
9,0.75,3.55699
9.1,0.75852,3.86053
9.2,0.76698,3.98344
9.3,0.77529,4.20987
9.4,0.78338,4.4484
9.5,0.79163,4.59533
9.6,0.8002,4.86447
9.7,0.80861,5.19664
9.8,0.81696,5.27621
9.9,0.82521,5.48573
10,0.8333,5.70109
10.1,0.84171,5.80403
10.2,0.85023,6.1143
10.3,0.85859,6.2254
10.4,0.86689,6.38686
10.5,0.87498,6.79756
10.6,0.88329,6.86669
10.7,0.89186,7.08511
10.8,0.90027,7.17698
10.9,0.90868,7.27044
11,0.91682,7.23395
11.1,0.92496,7.4139
11.2,0.93343,7.28307
11.3,0.94189,7.28807
11.4,0.9503,7.25462
11.5,0.95861,7.34423
11.6,0.96664,7.194
11.7,0.97495,7.22239
11.8,0.98352,7.26697
11.9,0.99193,7.38695
12,1.00034,7.12085
12.1,1.00848,7.03461
12.2,1.01662,7.45604
12.3,1.02509,7.49135
12.4,1.03355,7.8664
12.5,1.04202,7.94573
12.6,1.05027,7.92893
12.7,1.0583,8.04178
12.8,1.06666,8.02633
12.9,1.07518,8.09664
13,1.08359,7.95084
13.1,1.092,8.13827
13.2,1.10004,7.80682
13.3,1.10823,8.09605
13.4,1.1168,7.86618
13.5,1.12527,7.82384
13.6,1.13363,7.84496
13.7,1.14188,7.99526
13.8,1.14996,7.99107
13.9,1.15832,7.86802
14,1.16689,8.0571
14.1,1.1753,8.02176
14.2,1.18366,8.05955
14.3,1.19175,8.24697
14.4,1.19995,8.57901
14.5,1.20846,8.59877
14.6,1.21693,8.84082
14.7,1.22534,9.28074
14.8,1.23354,9.45889
14.9,1.24157,9.35387
15,1.25004,9.7806
15.1,1.25855,9.99133
15.2,1.26696,10.27227
15.3,1.27532,10.4292
15.4,1.28336,10.81804
15.5,1.29161,10.74351
15.6,1.30018,11.14849
15.7,1.30864,11.30233
15.8,1.317,11.519
15.9,1.32514,11.76943
16,1.33329,12.04977
16.1,1.3417,12.22047
16.2,1.35016,12.38136
16.3,1.35863,12.51412
16.4,1.36693,12.74352
16.5,1.37502,13.05907
16.6,1.38327,13.20664
16.7,1.39184,13.53081
16.8,1.4003,13.7367
16.9,1.40866,13.92273
17,1.41686,14.06676
17.1,1.42495,14.38623
17.2,1.43341,14.4854
17.3,1.44193,15.00463
17.4,1.45034,15.11794
17.5,1.45859,15.37305
17.6,1.46662,15.67884
17.7,1.47493,15.60855
17.8,1.4835,16.1145
17.9,1.49191,16.33775
18,1.50032,16.50345
18.1,1.50841,16.60297
18.2,1.51655,16.90819
18.3,1.52507,17.22936
18.4,1.53359,17.43973
18.5,1.542,17.58018
18.6,1.5503,17.90873
18.7,1.55829,18.2021
18.8,1.56664,18.32784
18.9,1.57521,18.55848
19,1.58362,19.03673
19.1,1.59198,19.10004
19.2,1.60007,19.21047
19.3,1.60827,19.65893
19.4,1.61673,19.96801
19.5,1.62525,20.12881
19.6,1.63366,20.37887
19.7,1.64191,20.55973
19.8,1.64995,20.74793
19.9,1.65836,21.05384
20,1.66687,21.31668
20.1,1.67529,21.36482
20.2,1.68364,21.8276
20.3,1.69179,22.01891
20.4,1.69993,22.34105
20.5,1.70845,22.40319
20.6,1.71696,22.79776
20.7,1.72527,23.1169
20.8,1.73352,23.24988
20.9,1.74161,23.50466
21,1.75002,23.69085
21.1,1.75859,23.89803
21.2,1.76695,24.3162
21.3,1.7753,24.42423
21.4,1.78339,24.69385
21.5,1.79159,25.20048
21.6,1.80016,25.2567
21.7,1.80857,25.50529
21.8,1.81698,25.73951
21.9,1.82518,25.88329
22,1.83321,26.29384
22.1,1.84168,26.49702
22.2,1.85025,26.7829
22.3,1.85866,27.03778
22.4,1.86696,27.20835
22.5,1.875,27.33636
22.6,1.88325,27.68876
22.7,1.89182,27.9448
22.8,1.90034,28.35234
22.9,1.9087,28.64756
23,1.91684,28.72866
23.1,1.92493,29.00559
23.2,1.93339,29.29664
23.3,1.94196,29.47174
23.4,1.95032,29.68825
23.5,1.95857,29.98627
23.6,1.96661,30.20557
23.7,1.97496,30.54544
23.8,1.98354,30.75998
23.9,1.99195,31.01918
24,2.0003,31.10071
24.1,2.00845,31.3795
24.2,2.01664,31.85884
24.3,2.02511,31.88217
24.4,2.03357,32.24127
24.5,2.04198,32.63949
24.6,2.05023,32.63208
24.7,2.05832,33.11272
24.8,2.06663,33.25156
24.9,2.0752,33.49569
25,2.08366,33.7125
25.1,2.09196,33.91533
25.2,2.10005,34.16393
25.3,2.10825,34.56027
25.4,2.11677,34.55692
25.5,2.12523,34.91717
25.6,2.13364,35.26756
25.7,2.14189,35.16544
25.8,2.14993,35.53068
25.9,2.15834,35.91061
26,2.16691,36.31686
26.1,2.17532,36.28563
26.2,2.18362,36.75069
26.3,2.19171,36.97672
26.4,2.19991,37.34652
26.5,2.20843,37.36753
26.6,2.21695,37.63087
26.7,2.2253,37.97738
26.8,2.23355,38.28199
26.9,2.24159,38.29192
27,2.25,38.54123
27.1,2.25852,38.83391
27.2,2.26698,39.1191
27.3,2.27534,39.29181
27.4,2.28338,39.63339
27.5,2.29163,39.73508
27.6,2.3002,40.10217
27.7,2.30861,40.48553
27.8,2.31696,40.50896
27.9,2.32521,40.86497
28,2.33325,40.95208
28.1,2.34171,41.2984
28.2,2.35023,41.53277
28.3,2.35864,41.8275
28.4,2.36689,41.93265
28.5,2.37498,42.22502
28.6,2.38329,42.324
28.7,2.39186,42.71265
28.8,2.40032,43.09903
28.9,2.40868,43.31393
29,2.41677,43.5598
29.1,2.42496,43.72387
29.2,2.43343,43.86058
29.3,2.44189,44.28727
29.4,2.4503,44.39377
29.5,2.45861,44.72448
29.6,2.46664,44.70774
29.7,2.47495,45.17426
29.8,2.48352,45.38126
29.9,2.49193,45.55059
30,2.50034,45.89196
30.1,2.50843,46.07265
30.2,2.51657,46.32852
30.3,2.52509,46.37202
30.4,2.53361,46.89993
30.5,2.54202,47.13957
30.6,2.55027,47.01519
30.7,2.5583,47.4345
30.8,2.56666,47.83947
30.9,2.57518,48.14012
31,2.58364,48.2535
31.1,2.59195,48.4437
31.2,2.60004,48.86936
31.3,2.60823,48.83031
31.4,2.6168,49.3643
31.5,2.62527,49.49541
31.6,2.63362,49.61801
31.7,2.64193,50.0246
31.8,2.64996,50.1619
31.9,2.65832,50.45637
32,2.66689,50.73177
32.1,2.6753,50.89321
32.2,2.68361,51.25916
32.3,2.69175,51.59886
32.4,2.69995,51.54449
32.5,2.70846,51.80842
32.6,2.71693,52.17347
32.7,2.72529,52.24761
32.8,2.73354,52.69006
32.9,2.74157,52.82454
33,2.75004,53.0317
33.1,2.75855,53.29475
33.2,2.76696,53.56007
33.3,2.77527,53.6409
33.4,2.78336,53.94192
33.5,2.79161,54.22184
33.6,2.80018,54.36692
33.7,2.80864,54.58509
33.8,2.817,54.80014
33.9,2.82514,54.8973
34,2.83329,55.25048
34.1,2.8417,55.75679
34.2,2.85016,55.88653
34.3,2.85862,55.97482
34.4,2.86693,56.19712
34.5,2.87502,56.43711
34.6,2.88327,56.58839
34.7,2.89184,56.89757
34.8,2.9003,57.1585
34.9,2.90866,57.42661
35,2.91686,57.72034
35.1,2.92495,57.94035
35.2,2.93341,57.95321
35.3,2.94193,58.35267
35.4,2.95029,58.44193
35.5,2.95854,58.74217
35.6,2.96668,58.99247
35.7,2.97493,59.039
35.8,2.9835,59.37384
35.9,2.99196,59.59482
36,3.00032,59.79336
36.1,3.00841,60.02562
36.2,3.01655,60.21489
36.3,3.02512,60.41396
36.4,3.03364,60.72314
36.5,3.042,60.86219
36.6,3.05025,61.04958
36.7,3.05829,61.18425
36.8,3.0667,61.4868
36.9,3.07516,61.65933
37,3.08362,61.76683
37.1,3.09198,62.04329
37.2,3.10012,62.15439
37.3,3.10821,62.52745
37.4,3.11673,62.88567
37.5,3.12525,62.76406
37.6,3.13361,62.909
37.7,3.14191,63.17115
37.8,3.15,63.29013
37.9,3.15836,63.4998
38,3.16688,63.7471
38.1,3.17529,63.9362
38.2,3.18364,64.02319
38.3,3.19173,64.2034
38.4,3.19993,64.5747
38.5,3.20845,64.66028
38.6,3.21691,64.73519
38.7,3.22527,65.07928
38.8,3.23352,65.09198
38.9,3.24161,65.13
39,3.25002,65.49134
39.1,3.25854,65.58513
39.2,3.26695,65.67319
39.3,3.27525,65.76242
39.4,3.28339,66.14664
39.5,3.29164,66.174
39.6,3.30016,66.29615
39.7,3.30862,66.39421
39.8,3.31698,66.69926
39.9,3.32518,66.83871
40,3.33327,66.82461
40.1,3.34173,67.06905
40.2,3.35025,67.16982
40.3,3.35861,67.43848
40.4,3.36696,67.42449
40.5,3.375,67.57795
40.6,3.38325,67.69929
40.7,3.39187,67.84196
40.8,3.40029,67.99142
40.9,3.4087,68.01516
41,3.41684,68.16669
41.1,3.42493,68.55153
41.2,3.43339,68.47877
41.3,3.44191,68.75318
41.4,3.45032,68.68807
41.5,3.45857,68.72389
41.6,3.46661,68.93202
41.7,3.47496,69.09064
41.8,3.48348,69.24276
41.9,3.49189,69.26314
42,3.5003,69.54114
42.1,3.50845,69.65257
42.2,3.51659,69.5841
42.3,3.52511,69.82185
42.4,3.53357,69.98065
42.5,3.54198,70.00461
42.6,3.55029,70.091
42.7,3.55832,70.09748
42.8,3.56668,70.37991
42.9,3.5752,70.50889
43,3.58366,70.49588
43.1,3.59196,70.64801
43.2,3.60005,70.61489
43.3,3.60825,70.81277
43.4,3.61677,71.07585
43.5,3.62529,71.09774
43.6,3.63364,71.19965
43.7,3.64189,71.20329
43.8,3.64993,71.24471
43.9,3.65834,71.26564
44,3.66691,71.61568
44.1,3.67532,71.59151
44.2,3.68362,71.51596
44.3,3.69177,71.648
44.4,3.69991,71.70913
44.5,3.70843,72.15125
44.6,3.71689,72.04778
44.7,3.7253,72.12271
44.8,3.73355,72.20713
44.9,3.74159,72.36543
45,3.75,72.46096
45.1,3.75852,72.41801
45.2,3.76698,72.51128
45.3,3.77529,72.59514
45.4,3.78337,72.80557
45.5,3.79163,72.65264
45.6,3.80014,72.92825
45.7,3.80861,72.94472
45.8,3.81696,73.09435
45.9,3.82521,73.20813
46,3.8333,73.19795
46.1,3.84171,73.28474
46.2,3.85018,73.4226
46.3,3.85864,73.26205
46.4,3.86689,73.37955
46.5,3.87498,73.32644
46.6,3.88329,73.55917
46.7,3.89186,73.66796
46.8,3.90027,73.77442
46.9,3.90868,73.79677
47,3.91682,73.86508
47.1,3.92496,73.96963
47.2,3.93343,74.11443
47.3,3.94189,74.17653
47.4,3.9503,74.26109
47.5,3.95861,74.28207
47.6,3.96664,74.2297
47.7,3.97495,74.36855
47.8,3.98352,74.50809
47.9,3.99198,74.68047
48,4.00029,74.69987
48.1,4.00843,74.75266
48.2,4.01657,74.76534
48.3,4.02509,74.7473
48.4,4.03361,74.79333
48.5,4.04202,74.85986
48.6,4.05032,74.87496
48.7,4.0583,75.08237
48.8,4.06666,75.27226
48.9,4.07518,75.07919
49,4.08364,75.41276
49.1,4.092,75.45969
49.2,4.10004,75.56692
49.3,4.10823,75.36339
49.4,4.1168,75.50397
49.5,4.12521,75.6287
49.6,4.13363,75.58165
49.7,4.14193,75.66727
49.8,4.14996,75.77731
49.9,4.15832,75.77124
50,4.16689,75.94185
50.1,4.17536,75.93035
50.2,4.18366,75.96065
50.3,4.19175,75.91578
50.4,4.19995,76.03235
50.5,4.20846,76.0498
50.6,4.21693,76.11317
50.7,4.22534,76.28641
50.8,4.23354,76.35562
50.9,4.24157,76.36919
51,4.24998,76.18082
51.1,4.25855,76.42634
51.2,4.26696,76.48516
51.3,4.27532,76.50725
51.4,4.28336,76.44583
51.5,4.29161,76.65568
51.6,4.30018,76.70801
51.7,4.30864,76.67663
51.8,4.317,76.63493
51.9,4.32514,76.88573
52,4.33329,76.88952
52.1,4.3417,76.7551
52.2,4.35021,76.91344
52.3,4.35862,76.94595
52.4,4.36693,76.89929
52.5,4.37502,77.06598
52.6,4.38327,77.08127
52.7,4.39184,77.06551
52.8,4.4003,77.23764
52.9,4.40866,77.23689
53,4.41686,77.02052
53.1,4.42495,77.21715
53.2,4.43341,77.36581
53.3,4.44193,77.28596
53.4,4.45034,77.29414
53.5,4.45859,77.38925
53.6,4.46662,77.58035
53.7,4.47498,77.45788
53.8,4.4835,77.38857
53.9,4.49196,77.88496
54,4.50032,77.68209
54.1,4.50841,77.79868
54.2,4.51655,77.65936
54.3,4.52507,77.80677
54.4,4.53359,77.77302
54.5,4.542,77.7887
54.6,4.5503,77.96242
54.7,4.55834,78.01187
54.8,4.56664,77.84518
54.9,4.57521,78.0695
55,4.58363,78.14972
55.1,4.59198,78.1013
55.2,4.60007,78.15591
55.3,4.60827,78.19658
55.4,4.61679,78.18506
55.5,4.6253,78.04046
55.6,4.63366,78.25156
55.7,4.64191,78.13338
55.8,4.64995,78.39454
55.9,4.65836,78.38624
56,4.66687,78.45559
56.1,4.67534,78.35591
56.2,4.68364,78.47147
56.3,4.69173,78.40037
56.4,4.69993,78.56104
56.5,4.7085,78.54353
56.6,4.71691,78.52287
56.7,4.72527,78.75627
56.8,4.73352,78.51405
56.9,4.74155,78.6549
57,4.75002,78.78246
57.1,4.75859,78.89867
57.2,4.76695,78.83182
57.3,4.77525,78.70798
57.4,4.78339,78.67999
57.5,4.79164,78.89197
57.6,4.80016,79.05785
57.7,4.80857,78.87323
57.8,4.81704,78.98848
57.9,4.82518,79.17485
58,4.83327,79.07161
58.1,4.84173,79.01884
58.2,4.85025,79.15694
58.3,4.85861,79.19221
58.4,4.86691,79.17278
58.5,4.875,79.32437
58.6,4.88325,79.27853
58.7,4.89188,79.38892
58.8,4.90029,79.34473
58.9,4.90864,79.40037
59,4.91684,79.45943
59.1,4.92493,79.45171
59.2,4.93339,79.35143
59.3,4.94196,79.54204
59.4,4.95032,79.42463
59.5,4.95857,79.56435
59.6,4.96661,79.54922
59.7,4.97496,79.59399
59.8,4.98354,79.65944
59.9,4.99189,79.68323
60,5.0003,79.66249
60.1,5.00845,79.73495
60.2,5.01659,79.83421
60.3,5.02511,79.79398
60.4,5.03363,79.85845
60.5,5.04198,79.83127
60.6,5.05023,79.75092
60.7,5.05832,79.90353
60.8,5.06662,79.9868
60.9,5.0752,79.94349
61,5.08366,79.99051
61.1,5.09196,79.94619
61.2,5.10005,80.15468
61.3,5.10825,80.12934
61.4,5.11677,80.09979
61.5,5.12529,79.91032
61.6,5.13364,80.09779
61.7,5.14189,80.13977
61.8,5.14993,80.14674
61.9,5.15834,80.28973
62,5.16691,80.41331
62.1,5.17532,80.12903
62.2,5.18363,80.44972
62.3,5.19171,80.27608
62.4,5.19991,80.33366
62.5,5.20848,80.30242
62.6,5.21695,80.59942
62.7,5.22525,80.65856
62.8,5.2335,80.54486
62.9,5.24159,80.38428
63,5.25,80.56068
63.1,5.25852,80.70047
63.2,5.26693,80.49127
63.3,5.27529,80.63107
63.4,5.28337,80.57483
63.5,5.29163,80.67334
63.6,5.3002,80.61388
63.7,5.30861,80.82816
63.8,5.31696,80.62315
63.9,5.32521,80.80108
64,5.3333,80.76639
64.1,5.34171,80.93103
64.2,5.35023,80.88298
64.3,5.35864,80.80331
64.4,5.36689,80.79803
64.5,5.37498,80.91355
64.6,5.38329,81.0482
64.7,5.39186,81.03015
64.8,5.40032,81.0465
64.9,5.40868,81.15191
65,5.41682,81.1145
65.1,5.42496,81.07772
65.2,5.43343,81.06286
65.3,5.44195,81.13214
65.4,5.4503,81.04288
65.5,5.45861,81.22159
65.6,5.46664,81.34386
65.7,5.47495,81.24991
65.8,5.48352,81.36345
65.9,5.49188,81.29183
66,5.50029,81.25274
66.1,5.50843,81.25107
66.2,5.51662,81.26315
66.3,5.52509,81.40056
66.4,5.53355,81.47865
66.5,5.54202,81.57293
66.6,5.55027,81.40807
66.7,5.55836,81.50179
66.8,5.56666,81.48639
66.9,5.57518,81.54465
67,5.58364,81.59186
67.1,5.592,81.54873
67.2,5.60004,81.6524
67.3,5.60823,81.68674
67.4,5.6168,81.65421
67.5,5.62521,81.66092
67.6,5.63363,81.67713
67.7,5.64193,81.72636
67.8,5.64996,81.91154
67.9,5.65838,81.71817
68,5.66689,81.81538
68.1,5.6753,81.79322
68.2,5.68366,81.84776
68.3,5.69175,81.6324
68.4,5.69995,81.83571
68.5,5.70846,81.88979
68.6,5.71693,81.97052
68.7,5.72534,82.04049
68.8,5.73354,82.07231
68.9,5.74157,81.93034
69,5.75004,81.96243
69.1,5.75855,81.9175
69.2,5.76696,82.19457
69.3,5.77532,82.05765
69.4,5.78336,82.10362
69.5,5.79161,82.30836
69.6,5.80018,82.09846
69.7,5.80859,82.27746
69.8,5.817,82.39597
69.9,5.82514,82.26319
70,5.83329,82.34353
70.1,5.8417,82.23766
70.2,5.85021,82.31039
70.3,5.85862,82.2926
70.4,5.86693,82.39794
70.5,5.87502,82.59346
70.6,5.88327,82.31955
70.7,5.89184,82.40383
70.8,5.90025,82.49964
70.9,5.90866,82.30928
71,5.91686,82.53527
71.1,5.92495,82.46518
71.2,5.93341,82.50024
71.3,5.94193,82.61044
71.4,5.95029,82.73795
71.5,5.94471,81.90652
71.6,5.93368,79.89663
71.7,5.92495,79.45647
71.8,5.91643,78.98641
71.9,5.90802,78.55762
72,5.8995,78.42331
72.1,5.8912,78.03693
72.2,5.88311,77.82339
72.3,5.8748,77.51094
72.4,5.86639,77.16253
72.5,5.85793,76.94792
72.6,5.84946,76.58469
72.7,5.84132,76.48953
72.8,5.83318,76.30463
72.9,5.82471,75.68111
73,5.81636,75.66004
73.1,5.80784,75.27119
73.2,5.79948,74.98871
73.3,5.79145,74.9519
73.4,5.78314,74.50192
73.5,5.77473,74.29723
73.6,5.76621,74.1381
73.7,5.7578,73.61496
73.8,5.74966,73.34811
73.9,5.74146,73.29772
74,5.73311,72.94846
74.1,5.7247,72.65985
74.2,5.71618,72.44473
74.3,5.70787,72.49474
74.4,5.69984,72.0079
74.5,5.69148,71.74095
74.6,5.68307,71.4593
74.7,5.67455,71.24886
74.8,5.66609,71.0014
74.9,5.658,70.78414
75,5.64975,70.5397
75.1,5.64145,70.03896
75.2,5.63293,69.90569
75.3,5.62446,69.66269
75.4,5.61621,69.5918
75.5,5.60813,69.09362
75.6,5.59977,68.81189
75.7,5.59136,68.61292
75.8,5.58289,68.45784
75.9,5.57448,68.41979
76,5.56639,68.10343
76.1,5.55814,67.77057
76.2,5.54973,67.47602
76.3,5.54132,67.33653
76.4,5.53275,67.03441
76.5,5.52455,66.90096
76.6,5.51646,66.56755
76.7,5.50805,66.35959
76.8,5.4997,65.98656
76.9,5.49118,65.75798
77,5.48282,65.51067
77.1,5.47473,65.40794
77.2,5.46648,64.85927
77.3,5.45807,64.65075
77.4,5.44961,64.58308
77.5,5.44114,64.35377
77.6,5.43295,64.17769
77.7,5.4248,63.79095
77.8,5.41645,63.403
77.9,5.40804,63.51971
78,5.39952,63.0654
78.1,5.39111,62.71521
78.2,5.38302,62.84181
78.3,5.37477,62.41943
78.4,5.36636,61.98347
78.5,5.35795,61.80287
78.6,5.34948,61.59316
78.7,5.34129,61.40183
78.8,5.33314,61.28359
78.9,5.32479,60.9474
79,5.31637,60.57714
79.1,5.3078,60.39382
79.2,5.29955,60.22956
79.3,5.29141,59.93896
79.4,5.28311,59.69007
79.5,5.2747,59.37113
79.6,5.26623,59.09337
79.7,5.25777,58.96481
79.8,5.24968,58.73593
79.9,5.24148,58.49669
80,5.23307,58.03029
80.1,5.22466,57.8652
80.2,5.2162,57.67525
80.3,5.20789,57.51197
80.4,5.1998,57.29691
80.5,5.1915,56.94137
80.6,5.18304,56.6412
80.7,5.17457,56.60044
80.8,5.16611,56.33887
80.9,5.15802,56.18071
81,5.14977,55.68925
81.1,5.14136,55.67216
81.2,5.13295,55.05739
81.3,5.12443,54.87796
81.4,5.11623,54.78895
81.5,5.10814,54.78637
81.6,5.09979,54.37877
81.7,5.09138,53.97486
81.8,5.08286,53.82665
81.9,5.07445,53.56952
82,5.06641,53.24831
82.1,5.05816,53.13566
82.2,5.04975,52.9017
82.3,5.04129,52.65541
82.4,5.03277,52.4369
82.5,5.02457,52.15928
82.6,5.01643,51.83158
82.7,5.00813,51.67572
82.8,4.99966,51.37611
82.9,4.9912,51.23416
83,4.98284,51.06028
83.1,4.97475,50.66909
83.2,4.9665,50.4153
83.3,4.95814,50.23849
83.4,4.94963,49.84871
83.5,4.94111,49.92466
83.6,4.93291,49.47559
83.7,4.92482,49.23566
83.8,4.91646,48.82582
83.9,4.908,48.80334
84,4.89948,48.55088
84.1,4.89113,48.33854
84.2,4.88304,48.12594
84.3,4.87484,47.89839
84.4,4.86637,47.49007
84.5,4.85791,47.30873
84.6,4.84945,47.23553
84.7,4.8413,47.05794
84.8,4.83316,46.54752
84.9,4.8248,46.37574
85,4.81634,46.15696
85.1,4.80782,45.95313
85.2,4.79952,45.86061
85.3,4.79143,45.48049
85.4,4.78312,45.20774
85.5,4.77471,44.69394
85.6,4.76625,44.67329
85.7,4.75779,44.35564
85.8,4.74964,44.0541
85.9,4.7415,43.92665
86,4.73309,43.54441
86.1,4.72468,43.31002
86.2,4.71621,43.06115
86.3,4.70791,43.01877
86.4,4.69977,42.75423
86.5,4.69146,42.45132
86.6,4.68305,42.19587
86.7,4.67454,41.92657
86.8,4.66607,41.66296
86.9,4.65804,41.23438
87,4.64979,41.13145
87.1,4.64143,41.02817
87.2,4.63296,40.67885
87.3,4.62445,40.50709
87.4,4.6162,40.31821
87.5,4.60816,40.08018
87.6,4.59975,39.67722
87.7,4.59134,39.57971
87.8,4.58287,39.27045
87.9,4.57446,39.11014
88,4.56638,38.91102
88.1,4.55813,38.60493
88.2,4.54977,38.4274
88.3,4.5413,38.11909
88.4,4.53278,37.80951
88.5,4.52454,37.56601
88.6,4.51645,37.46735
88.7,4.50809,36.96756
88.8,4.49968,36.78171
88.9,4.49121,36.46524
89,4.4828,36.48709
89.1,4.47477,36.13901
89.2,4.46652,35.84714
89.3,4.45811,35.72446
89.4,4.44964,35.42778
89.5,4.44112,35.28356
89.6,4.43298,35.22089
89.7,4.42484,34.58168
89.8,4.41643,34.59301
89.9,4.40802,34.24747
90,4.39945,33.95694
90.1,4.39114,33.58037
90.2,4.38305,33.29226
90.3,4.3748,33.11894
90.4,4.36634,33.03788
90.5,4.35787,32.74324
90.6,4.34946,32.51773
90.7,4.34127,32.21111
90.8,4.33318,32.13186
90.9,4.32477,31.80868
91,4.31636,31.49198
91.1,4.30784,31.25236
91.2,4.29948,31.22723
91.3,4.29145,30.95012
91.4,4.28314,30.51998
91.5,4.27473,30.21242
91.6,4.26621,30.09925
91.7,4.25775,29.82374
91.8,4.24966,29.55554
91.9,4.24146,29.45292
92,4.23311,29.15619
92.1,4.22464,28.82675
92.2,4.21613,28.73654
92.3,4.20787,28.35324
92.4,4.19979,28.11233
92.5,4.19148,27.88727
92.6,4.18307,27.75314
92.7,4.17455,27.42853
92.8,4.16614,27.22523
92.9,4.158,27.01086
93,4.1498,26.76273
93.1,4.14139,26.43642
93.2,4.13293,26.15523
93.3,4.12452,25.92712
93.4,4.11621,25.59739
93.5,4.10812,25.42867
93.6,4.09982,25.0488
93.7,4.09141,25.21701
93.8,4.08284,24.76212
93.9,4.07448,24.54195
94,4.06639,24.20351
94.1,4.05814,23.95305
94.2,4.04973,23.63586
94.3,4.04127,23.62633
94.4,4.0328,23.22097
94.5,4.02455,23.0014
94.6,4.01646,22.54296
94.7,4.00811,22.56474
94.8,3.9997,22.22011
94.9,3.99118,22.07519
95,3.98282,21.99582
95.1,3.97473,21.36917
95.2,3.96654,21.18823
95.3,3.95807,21.08665
95.4,3.94961,20.83992
95.5,3.94114,20.42902
95.6,3.93295,20.3673
95.7,3.9248,19.92148
95.8,3.91639,19.80604
95.9,3.90804,19.35996
96,3.89952,19.49015
96.1,3.89116,19.17726
96.2,3.88302,18.86347
96.3,3.87477,18.48951
96.4,3.86636,18.20285
96.5,3.85795,17.94394
96.6,3.84948,17.90681
96.7,3.84129,17.73501
96.8,3.8332,17.52122
96.9,3.82479,17.13849
97,3.81632,16.85888
97.1,3.80786,16.50221
97.2,3.79955,16.38941
97.3,3.79141,16.29373
97.4,3.78316,15.7967
97.5,3.7747,15.48935
97.6,3.76623,15.34564
97.7,3.75777,15.26577
97.8,3.74968,15.01242
97.9,3.74148,14.8095
98,3.73307,14.46598
98.1,3.72466,14.29619
98.2,3.71614,14.28171
98.3,3.70789,13.88276
98.4,3.69975,13.62756
98.5,3.6915,13.2293
98.6,3.68304,12.98658
98.7,3.67457,12.78089
98.8,3.66611,12.73295
98.9,3.65796,12.44096
99,3.64977,11.93515
99.1,3.64141,11.86378
99.2,3.63295,11.87855
99.3,3.62448,11.74209
99.4,3.61623,11.29488
99.5,3.60814,11.01383
99.6,3.59979,10.79474
99.7,3.59137,10.60705
99.8,3.58291,10.57767
99.9,3.5745,10.23121
100,3.56641,10.04659
100.1,3.55816,9.8596
100.2,3.54975,9.48452
100.3,3.54129,9.43987
100.4,3.53282,9.20968
100.5,3.52457,8.93761
100.6,3.51643,8.7454
100.7,3.50812,8.52493
100.8,3.49966,8.0697
100.9,3.4912,8.25628
101,3.48284,8.09963
101.1,3.47475,7.94421
101.2,3.4665,7.90973
101.3,3.45809,7.9061
101.4,3.44962,7.97381
101.5,3.44111,8.07995
101.6,3.43291,7.94841
101.7,3.42482,7.8199
101.8,3.41646,7.85989
101.9,3.408,7.6564
102,3.39948,7.84193
102.1,3.39112,7.75561
102.2,3.38309,7.92013
102.3,3.37479,7.97046
102.4,3.36643,7.843
102.5,3.35791,7.75486
102.6,3.34945,7.79949
102.7,3.3413,7.72301
102.8,3.33316,7.73548
102.9,3.3248,7.39334
103,3.31634,7.32175
103.1,3.30787,7.15425
103.2,3.29952,7.06938
103.3,3.29143,7.21421
103.4,3.28312,7.03567
103.5,3.27466,7.19152
103.6,3.26625,7.20736
103.7,3.25779,7.17053
103.8,3.24959,7.07603
103.9,3.2415,7.17619
104,3.23304,7.26524
104.1,3.22468,7.07873
104.2,3.21621,7.27738
104.3,3.20791,7.07815
104.4,3.19982,6.99776
104.5,3.19146,7.00349
104.6,3.18305,6.87403
104.7,3.17459,6.47119
104.8,3.16607,6.28211
104.9,3.15804,6.17066
105,3.14979,5.83069
105.1,3.14137,5.65949
105.2,3.13296,5.37425
105.3,3.12445,5.27262
105.4,3.1162,5.06582
105.5,3.10816,5.04357
105.6,3.0998,4.62529
105.7,3.09134,4.45881
105.8,3.08293,4.26138
105.9,3.07446,4.02094
106,3.06638,3.99448
106.1,3.05812,3.83793
106.2,3.04977,3.44946
106.3,3.0413,3.34971
106.4,3.03279,3.20672
106.5,3.02454,2.93058
106.6,3.01645,2.66189
106.7,3.00809,2.60726
106.8,2.99968,2.34453
106.9,2.99121,2.22737
107,2.9828,1.89413
107.1,2.97477,1.83309
107.2,2.96652,1.483
107.3,2.95805,1.38879
107.4,2.94959,1.11724
107.5,2.94113,0.93631
107.6,2.93293,0.96123
107.7,2.92479,0.7378
107.8,2.91643,0.3845
107.9,2.90802,0.38886
108,2.8995,0.10791
108.1,2.89114,-0.099
108.2,2.88311,0.11939
108.3,2.8748,-0.0654
108.4,2.86639,-0.144
108.5,2.85793,0.01728
108.6,2.84946,0.02499
108.7,2.84132,-0.0242
108.8,2.83318,-0.13594
108.9,2.82477,0.00553
109,2.81636,-0.04147
109.1,2.80784,0.1435
109.2,2.79954,0.08831
109.3,2.79145,0.02833
109.4,2.78314,-0.09969
109.5,2.77473,0.00063
109.6,2.76621,-0.00219
109.7,2.75775,-0.04228
109.8,2.74961,0.01546
109.9,2.74146,0.0041
110,2.73305,-0.10552
110.1,2.7247,-0.11084
110.2,2.71618,-0.09248
110.3,2.70788,0.08129
110.4,2.69979,-0.07091
110.5,2.69148,0.03044
110.6,2.68307,-0.0164
110.7,2.67455,-0.09783
110.8,2.66614,-0.12133
110.9,2.658,0.02856
111,2.6498,-0.08372
111.1,2.64166,-0.03809
111.2,2.64911,0.13933
111.3,2.65977,0.07779
111.4,2.66855,0.10338
111.5,2.67718,-0.02689
111.6,2.68559,-0.03724
111.7,2.69395,0.0356
111.8,2.70209,0.11161
111.9,2.71023,0.01147
112,2.7188,-0.08552
112.1,2.72727,0.0633
112.2,2.73563,0.06251
112.3,2.74387,0.03986
112.4,2.75196,0.00519
112.5,2.76032,-0.01624
112.6,2.76889,-0.02623
112.7,2.7773,0.04507
112.8,2.78561,0.01381
112.9,2.7937,0.07744
113,2.80195,0.019
113.1,2.81052,-0.03983
113.2,2.81898,0.00127
113.3,2.82734,-0.00142
113.4,2.83554,0.02226
113.5,2.84362,0.10659
113.6,2.85204,0.03515
113.7,2.86055,-0.07692
113.8,2.86896,-0.00079
113.9,2.87727,0.02461
114,2.88536,0.07335
114.1,2.89355,-0.02999
114.2,2.90213,0.4504
114.3,2.91059,0.62627
114.4,2.919,0.52865
114.5,2.9272,0.86658
114.6,2.93529,1.12328
114.7,2.94375,1.4044
114.8,2.95221,1.56827
114.9,2.96063,1.76884
115,2.96898,2.06276
115.1,2.97702,2.39426
115.2,2.98532,2.54238
115.3,2.99384,2.68426
115.4,3.0023,2.79358
115.422,3.00402,2.9202
